Timestamp,Epochs,SS1,SS0,K1,K0,REM1,REM0,Son1,Son0,Soff1,Soff0,A1,A0,MS1,MS0
8644,2,0,1,0,0,1,0,0,0,0,0,0,0,0,0
9770,2,0,1,0,0,1,0,0,0,0,0,0,0,0,0
11064,2,0,1,0,0,1,0,0,0,0,0,0,0,0,0
12266,2,0,1,0,0,1,0,0,0,0,0,0,0,0,0
13515,2,0,1,0,0,1,0,0,0,0,0,0,0,0,0
14833,2,0,1,0,0,1,0,0,0,0,0,0,0,0,0
771984,103,1,0,0,0,0,0,0,0,0,0,0,0,0,0
768841,103,1,0,0,0,0,0,0,0,0,0,0,0,0,0
767183,103,1,0,0,0,0,0,0,0,0,0,0,0,0,0
773621,104,1,0,0,0,0,0,0,0,0,0,0,0,0,0
774376,104,1,0,0,0,0,0,0,0,0,0,0,0,0,0
778353,104,1,0,0,0,0,0,0,0,0,0,0,0,0,0
779529,104,1,0,0,0,0,0,0,0,0,0,0,0,0,0
781786,105,1,0,0,0,0,0,0,0,0,0,0,0,0,0
787616,106,1,0,0,0,0,0,0,0,0,0,0,0,0,0
789833,106,1,0,0,0,0,0,0,0,0,0,0,0,0,0
788749,106,1,0,0,0,0,0,0,0,0,0,0,0,0,0
797714,107,1,0,0,0,0,0,0,0,0,0,0,0,0,0
796732,107,1,0,0,0,0,0,0,0,0,0,0,0,0,0
798593,107,1,0,0,0,0,0,0,0,0,0,0,0,0,0
3522258,470,0,1,0,0,1,0,0,0,0,0,0,0,0,0
3522695,470,0,1,0,0,1,0,0,0,0,0,0,0,0,0
3523255,470,0,1,0,0,1,0,0,0,0,0,0,0,0,0
3522818,470,0,1,0,0,1,0,0,0,0,0,0,0,0,0
3523509,470,0,1,0,0,1,0,0,0,0,0,0,0,0,0
3524002,470,0,1,0,0,1,0,0,0,0,0,0,0,0,0
3524204,470,0,1,0,0,1,0,0,0,0,0,0,0,0,0
642802,86,1,0,0,0,0,0,0,0,0,0,0,0,0,0
607247,81,1,0,0,0,0,0,0,0,0,0,0,0,0,0
634634,85,0,1,0,0,0,0,0,0,0,0,1,0,0,0
636420,85,0,1,0,0,0,0,1,0,0,0,0,0,0,0
656749,88,0,1,0,0,0,0,0,0,0,0,1,0,0,0
661091,89,0,1,0,0,0,0,1,0,0,0,0,0,0,0
705534,95,1,0,0,0,0,0,0,0,0,0,0,0,0,0
725025,97,0,1,0,0,0,0,0,0,0,0,1,0,0,0
727528,98,0,1,0,0,0,0,0,1,0,0,0,0,0,0
733443,98,1,0,0,0,0,0,0,0,0,0,0,0,0,0
755199,101,1,0,0,0,0,0,0,0,0,0,0,0,0,0
752230,101,1,0,0,0,0,0,0,0,0,0,0,0,0,0
762163,102,1,0,0,0,0,0,0,0,0,0,0,0,0,0
760398,102,1,0,0,0,0,0,0,0,0,0,0,0,0,0
758783,102,1,0,0,0,0,0,0,0,0,0,0,0,0,0
765539,103,0,1,1,0,0,0,0,0,0,0,0,0,0,0
716194,96,0,1,1,0,0,0,0,0,0,0,0,0,0,0
748322,100,1,0,0,0,0,0,0,0,0,0,0,0,0,0
793034,106,1,0,0,0,0,0,0,0,0,0,0,0,0,0
803187,108,1,0,0,0,0,0,0,0,0,0,0,0,0,0
804248,108,1,0,0,0,0,0,0,0,0,0,0,0,0,0
807540,108,1,0,0,0,0,0,0,0,0,0,0,0,0,0
806349,108,1,0,0,0,0,0,0,0,0,0,0,0,0,0
811635,109,1,0,0,0,0,0,0,0,0,0,0,0,0,0
822351,110,1,0,0,0,0,0,0,0,0,0,0,0,0,0
824720,110,1,0,0,0,0,0,0,0,0,0,0,0,0,0
817019,109,0,1,0,1,0,0,0,0,0,0,0,0,0,0
826435,111,1,0,0,0,0,0,0,0,0,0,0,0,0,0
825477,111,1,0,0,0,0,0,0,0,0,0,0,0,0,0
832730,112,1,0,0,0,0,0,0,0,0,0,0,0,0,0
836577,112,1,0,0,0,0,0,0,0,0,0,0,0,0,0
837946,112,1,0,0,0,0,0,0,0,0,0,0,0,0,0
842671,113,1,0,0,0,0,0,0,0,0,0,0,0,0,0
844566,113,1,0,0,0,0,0,0,0,0,0,0,0,0,0
846090,113,1,0,0,0,0,0,0,0,0,0,0,0,0,0
840517,113,0,1,1,0,0,0,0,0,0,0,0,0,0,0
847286,113,1,0,0,0,0,0,0,0,0,0,0,0,0,0
854556,114,0,1,0,1,0,0,0,0,0,0,0,0,0,0
853799,114,1,0,0,0,0,0,0,0,0,0,0,0,0,0
849511,114,1,0,0,0,0,0,0,0,0,0,0,0,0,0
860871,115,1,0,0,0,0,0,0,0,0,0,0,0,0,0
862518,116,1,0,0,0,0,0,0,0,0,0,0,0,0,0
867468,116,1,0,0,0,0,0,0,0,0,0,0,0,0,0
866571,116,1,0,0,0,0,0,0,0,0,0,0,0,0,0
863963,116,1,0,0,0,0,0,0,0,0,0,0,0,0,0
865281,116,0,1,0,1,0,0,0,0,0,0,0,0,0,0
865559,116,1,0,0,0,0,0,0,0,0,0,0,0,0,0
870810,117,1,0,0,0,0,0,0,0,0,0,0,0,0,0
871170,117,0,1,0,1,0,0,0,0,0,0,0,0,0,0
871422,117,1,0,0,0,0,0,0,0,0,0,0,0,0,0
872602,117,1,0,0,0,0,0,0,0,0,0,0,0,0,0
876273,117,1,0,0,0,0,0,0,0,0,0,0,0,0,0
874096,117,1,0,0,0,0,0,0,0,0,0,0,0,0,0
877625,118,1,0,0,0,0,0,0,0,0,0,0,0,0,0
879785,118,1,0,0,0,0,0,0,0,0,0,0,0,0,0
878989,118,0,1,0,1,0,0,0,0,0,0,0,0,0,0
889566,119,0,1,1,0,0,0,0,0,0,0,0,0,0,0
892581,120,0,1,0,1,0,0,0,0,0,0,0,0,0,0
897796,120,0,1,1,0,0,0,0,0,0,0,0,0,0,0
897966,120,1,0,0,0,0,0,0,0,0,0,0,0,0,0
906588,121,1,0,0,0,0,0,0,0,0,0,0,0,0,0
901433,121,0,1,1,0,0,0,0,0,0,0,0,0,0,0
901626,121,1,0,0,0,0,0,0,0,0,0,0,0,0,0
912732,122,1,0,0,0,0,0,0,0,0,0,0,0,0,0
907960,122,1,0,0,0,0,0,0,0,0,0,0,0,0,0
910778,122,0,1,1,0,0,0,0,0,0,0,0,0,0,0
911033,122,1,0,0,0,0,0,0,0,0,0,0,0,0,0
909282,122,1,0,0,0,0,0,0,0,0,0,0,0,0,0
919231,123,1,0,0,0,0,0,0,0,0,0,0,0,0,0
917715,123,1,0,0,0,0,0,0,0,0,0,0,0,0,0
915696,123,1,0,0,0,0,0,0,0,0,0,0,0,0,0
922711,124,0,1,1,0,0,0,0,0,0,0,0,0,0,0
923549,124,1,0,0,0,0,0,0,0,0,0,0,0,0,0
928121,124,1,0,0,0,0,0,0,0,0,0,0,0,0,0
931111,125,0,1,0,1,0,0,0,0,0,0,0,0,0,0
931390,125,1,0,0,0,0,0,0,0,0,0,0,0,0,0
929951,124,1,0,0,0,0,0,0,0,0,0,0,0,0,0
932534,125,1,0,0,0,0,0,0,0,0,0,0,0,0,0
942074,126,1,0,0,0,0,0,0,0,0,0,0,0,0,0
939627,126,0,1,1,0,0,0,0,0,0,0,0,0,0,0
944022,126,1,0,0,0,0,0,0,0,0,0,0,0,0,0
943783,126,0,1,1,0,0,0,0,0,0,0,0,0,0,0
949170,127,0,1,1,0,0,0,0,0,0,0,0,0,0,0
949377,127,1,0,0,0,0,0,0,0,0,0,0,0,0,0
946836,127,1,0,0,0,0,0,0,0,0,0,0,0,0,0
948657,127,1,0,0,0,0,0,0,0,0,0,0,0,0,0
950449,127,0,1,1,0,0,0,0,0,0,0,0,0,0,0
950612,127,1,0,0,0,0,0,0,0,0,0,0,0,0,0
945331,127,1,0,0,0,0,0,0,0,0,0,0,0,0,0
953878,128,1,0,0,0,0,0,0,0,0,0,0,0,0,0
956032,128,0,1,1,0,0,0,0,0,0,0,0,0,0,0
957030,128,0,1,1,0,0,0,0,0,0,0,0,0,0,0
957523,128,1,0,0,0,0,0,0,0,0,0,0,0,0,0
961070,129,0,1,0,1,0,0,0,0,0,0,0,0,0,0
963780,129,0,1,0,1,0,0,0,0,0,0,0,0,0,0
967046,129,1,0,0,0,0,0,0,0,0,0,0,0,0,0
969671,130,1,0,0,0,0,0,0,0,0,0,0,0,0,0
969367,130,0,1,0,1,0,0,0,0,0,0,0,0,0,0
967929,130,1,0,0,0,0,0,0,0,0,0,0,0,0,0
972217,130,0,1,0,1,0,0,0,0,0,0,0,0,0,0
975663,131,1,0,0,0,0,0,0,0,0,0,0,0,0,0
980439,131,0,1,1,0,0,0,0,0,0,0,0,0,0,0
980683,131,1,0,0,0,0,0,0,0,0,0,0,0,0,0
981490,131,1,0,0,0,0,0,0,0,0,0,0,0,0,0
977720,131,1,0,0,0,0,0,0,0,0,0,0,0,0,0
978635,131,1,0,0,0,0,0,0,0,0,0,0,0,0,0
985392,132,1,0,0,0,0,0,0,0,0,0,0,0,0,0
986968,132,1,0,0,0,0,0,0,0,0,0,0,0,0,0
984041,132,1,0,0,0,0,0,0,0,0,0,0,0,0,0
989565,132,1,0,0,0,0,0,0,0,0,0,0,0,0,0
989238,132,0,1,1,0,0,0,0,0,0,0,0,0,0,0
988049,132,0,1,0,1,0,0,0,0,0,0,0,0,0,0
986465,132,0,1,1,0,0,0,0,0,0,0,0,0,0,0
987659,132,0,1,0,1,0,0,0,0,0,0,0,0,0,0
990722,133,0,1,0,1,0,0,0,0,0,0,0,0,0,0
990846,133,1,0,0,0,0,0,0,0,0,0,0,0,0,0
994605,133,1,0,0,0,0,0,0,0,0,0,0,0,0,0
995025,133,1,0,0,0,0,0,0,0,0,0,0,0,0,0
1001191,134,0,1,1,0,0,0,0,0,0,0,0,0,0,0
1001319,134,1,0,0,0,0,0,0,0,0,0,0,0,0,0
1000177,134,1,0,0,0,0,0,0,0,0,0,0,0,0,0
1002924,134,0,1,1,0,0,0,0,0,0,0,0,0,0,0
1004539,134,0,1,1,0,0,0,0,0,0,0,0,0,0,0
998917,134,0,1,1,0,0,0,0,0,0,0,0,0,0,0
999355,134,1,0,0,0,0,0,0,0,0,0,0,0,0,0
1003636,134,1,0,0,0,0,0,0,0,0,0,0,0,0,0
1003072,134,1,0,0,0,0,0,0,0,0,0,0,0,0,0
1010736,135,1,0,0,0,0,0,0,0,0,0,0,0,0,0
1006284,135,1,0,0,0,0,0,0,0,0,0,0,0,0,0
1007361,135,0,1,1,0,0,0,0,0,0,0,0,0,0,0
1007778,135,0,1,1,0,0,0,0,0,0,0,0,0,0,0
1009772,135,0,1,0,1,0,0,0,0,0,0,0,0,0,0
1009994,135,1,0,0,0,0,0,0,0,0,0,0,0,0,0
1017175,136,0,1,1,0,0,0,0,0,0,0,0,0,0,0
1017374,136,1,0,0,0,0,0,0,0,0,0,0,0,0,0
1018962,136,1,0,0,0,0,0,0,0,0,0,0,0,0,0
1013883,136,1,0,0,0,0,0,0,0,0,0,0,0,0,0
1021123,137,0,1,1,0,0,0,0,0,0,0,0,0,0,0
1021863,137,0,1,1,0,0,0,0,0,0,0,0,0,0,0
1026625,137,1,0,0,0,0,0,0,0,0,0,0,0,0,0
1025450,137,1,0,0,0,0,0,0,0,0,0,0,0,0,0
1021482,137,1,0,0,0,0,0,0,0,0,0,0,0,0,0
1036254,139,1,0,0,0,0,0,0,0,0,0,0,0,0,0
1040415,139,1,0,0,0,0,0,0,0,0,0,0,0,0,0
1041362,139,1,0,0,0,0,0,0,0,0,0,0,0,0,0
1037513,139,1,0,0,0,0,0,0,0,0,0,0,0,0,0
1047460,140,0,1,1,0,0,0,0,0,0,0,0,0,0,0
1046065,140,0,1,1,0,0,0,0,0,0,0,0,0,0,0
1056127,141,1,0,0,0,0,0,0,0,0,0,0,0,0,0
1052416,141,1,0,0,0,0,0,0,0,0,0,0,0,0,0
1057232,141,0,1,1,0,0,0,0,0,0,0,0,0,0,0
1057556,142,1,0,0,0,0,0,0,0,0,0,0,0,0,0
1064271,142,0,1,1,0,0,0,0,0,0,0,0,0,0,0
1072027,143,1,0,0,0,0,0,0,0,0,0,0,0,0,0
1071174,143,1,0,0,0,0,0,0,0,0,0,0,0,0,0
1069300,143,0,1,1,0,0,0,0,0,0,0,0,0,0,0
1069782,143,0,1,0,1,0,0,0,0,0,0,0,0,0,0
1067068,143,1,0,0,0,0,0,0,0,0,0,0,0,0,0
1076088,144,1,0,0,0,0,0,0,0,0,0,0,0,0,0
1073024,144,1,0,0,0,0,0,0,0,0,0,0,0,0,0
1085208,145,0,1,1,0,0,0,0,0,0,0,0,0,0,0
1086476,145,0,1,0,1,0,0,0,0,0,0,0,0,0,0
1086690,145,1,0,0,0,0,0,0,0,0,0,0,0,0,0
1092598,146,1,0,0,0,0,0,0,0,0,0,0,0,0,0
1100259,147,1,0,0,0,0,0,0,0,0,0,0,0,0,0
1098670,147,1,0,0,0,0,0,0,0,0,0,0,0,0,0
1101910,147,1,0,0,0,0,0,0,0,0,0,0,0,0,0
1101695,147,0,1,1,0,0,0,0,0,0,0,0,0,0,0
1102539,148,1,0,0,0,0,0,0,0,0,0,0,0,0,0
1103158,148,1,0,0,0,0,0,0,0,0,0,0,0,0,0
1104052,148,0,1,0,1,0,0,0,0,0,0,0,0,0,0
1103776,148,1,0,0,0,0,0,0,0,0,0,0,0,0,0
770446,103,1,0,0,0,0,0,0,0,0,0,0,0,0,0
786271,105,1,0,0,0,0,0,0,0,0,0,0,0,0,0
799773,107,1,0,0,0,0,0,0,0,0,0,0,0,0,0
813324,109,1,0,0,0,0,0,0,0,0,0,0,0,0,0
823176,110,1,0,0,0,0,0,0,0,0,0,0,0,0,0
854706,114,1,0,0,0,0,0,0,0,0,0,0,0,0,0
882456,118,1,0,0,0,0,0,0,0,0,0,0,0,0,0
921674,123,1,0,0,0,0,0,0,0,0,0,0,0,0,0
952447,127,1,0,0,0,0,0,0,0,0,0,0,0,0,0
961290,129,1,0,0,0,0,0,0,0,0,0,0,0,0,0
962182,129,0,1,0,1,0,0,0,0,0,0,0,0,0,0
965131,129,1,0,0,0,0,0,0,0,0,0,0,0,0,0
972442,130,1,0,0,0,0,0,0,0,0,0,0,0,0,0
997673,134,1,0,0,0,0,0,0,0,0,0,0,0,0,0
1004566,134,1,0,0,0,0,0,0,0,0,0,0,0,0,0
1039258,139,1,0,0,0,0,0,0,0,0,0,0,0,0,0
1085589,145,0,1,1,0,0,0,0,0,0,0,0,0,0,0
1097840,147,1,0,0,0,0,0,0,0,0,0,0,0,0,0
1108175,148,1,0,0,0,0,0,0,0,0,0,0,0,0,0
1109606,148,1,0,0,0,0,0,0,0,0,0,0,0,0,0
1113527,149,0,1,0,1,0,0,0,0,0,0,0,0,0,0
1111063,149,1,0,0,0,0,0,0,0,0,0,0,0,0,0
1122354,150,1,0,0,0,0,0,0,0,0,0,0,0,0,0
1122120,150,0,1,1,0,0,0,0,0,0,0,0,0,0,0
1120198,150,1,0,0,0,0,0,0,0,0,0,0,0,0,0
1117569,150,1,0,0,0,0,0,0,0,0,0,0,0,0,0
1128661,151,0,1,0,1,0,0,0,0,0,0,0,0,0,0
1132153,151,0,1,1,0,0,0,0,0,0,0,0,0,0,0
1128947,151,1,0,0,0,0,0,0,0,0,0,0,0,0,0
1130110,151,1,0,0,0,0,0,0,0,0,0,0,0,0,0
1129321,151,1,0,0,0,0,0,0,0,0,0,0,0,0,0
1127703,151,1,0,0,0,0,0,0,0,0,0,0,0,0,0
1138321,152,0,1,1,0,0,0,0,0,0,0,0,0,0,0
1135089,152,1,0,0,0,0,0,0,0,0,0,0,0,0,0
1133705,152,0,1,1,0,0,0,0,0,0,0,0,0,0,0
1135998,152,1,0,0,0,0,0,0,0,0,0,0,0,0,0
1142314,153,1,0,0,0,0,0,0,0,0,0,0,0,0,0
1146828,153,1,0,0,0,0,0,0,0,0,0,0,0,0,0
1146485,153,0,1,1,0,0,0,0,0,0,0,0,0,0,0
1141848,153,0,1,1,0,0,0,0,0,0,0,0,0,0,0
1148979,154,0,1,0,1,0,0,0,0,0,0,0,0,0,0
1155252,155,0,1,1,0,0,0,0,0,0,0,0,0,0,0
1156082,155,1,0,0,0,0,0,0,0,0,0,0,0,0,0
1159497,155,1,0,0,0,0,0,0,0,0,0,0,0,0,0
1162517,156,0,1,1,0,0,0,0,0,0,0,0,0,0,0
1165331,156,1,0,0,0,0,0,0,0,0,0,0,0,0,0
1166909,156,0,1,1,0,0,0,0,0,0,0,0,0,0,0
1171762,157,1,0,0,0,0,0,0,0,0,0,0,0,0,0
1178083,158,0,1,0,1,0,0,0,0,0,0,0,0,0,0
1185427,159,1,0,0,0,0,0,0,0,0,0,0,0,0,0
1187711,159,1,0,0,0,0,0,0,0,0,0,0,0,0,0
1186374,159,1,0,0,0,0,0,0,0,0,0,0,0,0,0
1192258,159,1,0,0,0,0,0,0,0,0,0,0,0,0,0
1194277,160,1,0,0,0,0,0,0,0,0,0,0,0,0,0
1199267,160,1,0,0,0,0,0,0,0,0,0,0,0,0,0
1209076,162,1,0,0,0,0,0,0,0,0,0,0,0,0,0
1212991,162,1,0,0,0,0,0,0,0,0,0,0,0,0,0
1214430,162,1,0,0,0,0,0,0,0,0,0,0,0,0,0
1210224,162,1,0,0,0,0,0,0,0,0,0,0,0,0,0
1218274,163,0,1,0,1,0,0,0,0,0,0,0,0,0,0
1227006,164,0,1,1,0,0,0,0,0,0,0,0,0,0,0
1228235,164,0,1,1,0,0,0,0,0,0,0,0,0,0,0
1222861,164,1,0,0,0,0,0,0,0,0,0,0,0,0,0
1232725,165,1,0,0,0,0,0,0,0,0,0,0,0,0,0
1242266,166,1,0,0,0,0,0,0,0,0,0,0,0,0,0
1238521,166,1,0,0,0,0,0,0,0,0,0,0,0,0,0
1247626,167,1,0,0,0,0,0,0,0,0,0,0,0,0,0
1254573,168,1,0,0,0,0,0,0,0,0,0,0,0,0,0
1253721,168,1,0,0,0,0,0,0,0,0,0,0,0,0,0
1266599,169,0,1,1,0,0,0,0,0,0,0,0,0,0,0
1262030,169,1,0,0,0,0,0,0,0,0,0,0,0,0,0
1263504,169,1,0,0,0,0,0,0,0,0,0,0,0,0,0
1274337,170,1,0,0,0,0,0,0,0,0,0,0,0,0,0
1268168,170,0,1,0,1,0,0,0,0,0,0,0,0,0,0
1270543,170,0,1,1,0,0,0,0,0,0,0,0,0,0,0
1275402,171,1,0,0,0,0,0,0,0,0,0,0,0,0,0
1281951,171,1,0,0,0,0,0,0,0,0,0,0,0,0,0
1283912,172,1,0,0,0,0,0,0,0,0,0,0,0,0,0
1287493,172,1,0,0,0,0,0,0,0,0,0,0,0,0,0
1297165,173,1,0,0,0,0,0,0,0,0,0,0,0,0,0
1297001,173,0,1,0,1,0,0,0,0,0,0,0,0,0,0
1299307,174,1,0,0,0,0,0,0,0,0,0,0,0,0,0
1308875,175,1,0,0,0,0,0,0,0,0,0,0,0,0,0
1309738,175,1,0,0,0,0,0,0,0,0,0,0,0,0,0
1315541,176,1,0,0,0,0,0,0,0,0,0,0,0,0,0
1321233,177,1,0,0,0,0,0,0,0,0,0,0,0,0,0
1340332,179,1,0,0,0,0,0,0,0,0,0,0,0,0,0
1339221,179,1,0,0,0,0,0,0,0,0,0,0,0,0,0
1341479,179,1,0,0,0,0,0,0,0,0,0,0,0,0,0
1345218,180,1,0,0,0,0,0,0,0,0,0,0,0,0,0
1342902,180,1,0,0,0,0,0,0,0,0,0,0,0,0,0
1353388,181,1,0,0,0,0,0,0,0,0,0,0,0,0,0
1356315,181,1,0,0,0,0,0,0,0,0,0,0,0,0,0
1358352,182,1,0,0,0,0,0,0,0,0,0,0,0,0,0
1385774,185,1,0,0,0,0,0,0,0,0,0,0,0,0,0
1380242,185,0,1,0,1,0,0,0,0,0,0,0,0,0,0
1391271,186,1,0,0,0,0,0,0,0,0,0,0,0,0,0
1394536,186,1,0,0,0,0,0,0,0,0,0,0,0,0,0
1395422,187,1,0,0,0,0,0,0,0,0,0,0,0,0,0
1400985,187,0,1,1,0,0,0,0,0,0,0,0,0,0,0
1402078,187,0,1,1,0,0,0,0,0,0,0,0,0,0,0
1408732,188,1,0,0,0,0,0,0,0,0,0,0,0,0,0
1412947,189,1,0,0,0,0,0,0,0,0,0,0,0,0,0
1417502,190,1,0,0,0,0,0,0,0,0,0,0,0,0,0
1422841,190,0,1,1,0,0,0,0,0,0,0,0,0,0,0
1427408,191,1,0,0,0,0,0,0,0,0,0,0,0,0,0
1429634,191,1,0,0,0,0,0,0,0,0,0,0,0,0,0
1433280,192,1,0,0,0,0,0,0,0,0,0,0,0,0,0
1448851,194,1,0,0,0,0,0,0,0,0,0,0,0,0,0
1454303,194,1,0,0,0,0,0,0,0,0,0,0,0,0,0
1447767,194,0,1,1,0,0,0,0,0,0,0,0,0,0,0
1480259,198,1,0,0,0,0,0,0,0,0,0,0,0,0,0
1487641,199,1,0,0,0,0,0,0,0,0,0,0,0,0,0
1488829,199,1,0,0,0,0,0,0,0,0,0,0,0,0,0
1485687,199,1,0,0,0,0,0,0,0,0,0,0,0,0,0
1497633,200,1,0,0,0,0,0,0,0,0,0,0,0,0,0
1502235,201,1,0,0,0,0,0,0,0,0,0,0,0,0,0
1506679,201,0,1,0,1,0,0,0,0,0,0,0,0,0,0
1504311,201,1,0,0,0,0,0,0,0,0,0,0,0,0,0
1513093,202,1,0,0,0,0,0,0,0,0,0,0,0,0,0
1510681,202,1,0,0,0,0,0,0,0,0,0,0,0,0,0
1517105,203,1,0,0,0,0,0,0,0,0,0,0,0,0,0
1515980,203,1,0,0,0,0,0,0,0,0,0,0,0,0,0
1529227,204,1,0,0,0,0,0,0,0,0,0,0,0,0,0
1528217,204,1,0,0,0,0,0,0,0,0,0,0,0,0,0
1530839,205,1,0,0,0,0,0,0,0,0,0,0,0,0,0
1536113,205,1,0,0,0,0,0,0,0,0,0,0,0,0,0
1544965,206,0,1,0,0,0,0,0,0,1,0,0,0,0,0
1589028,212,1,0,0,0,0,0,0,0,0,0,0,0,0,0
1576639,211,0,1,0,0,0,0,1,0,0,0,0,0,0,0
1589889,212,1,0,0,0,0,0,0,0,0,0,0,0,0,0
1590959,213,1,0,0,0,0,0,0,0,0,0,0,0,0,0
1596573,213,0,1,1,0,0,0,0,0,0,0,0,0,0,0
1603207,214,1,0,0,0,0,0,0,0,0,0,0,0,0,0
1609328,215,1,0,0,0,0,0,0,0,0,0,0,0,0,0
1604836,214,1,0,0,0,0,0,0,0,0,0,0,0,0,0
1611467,215,0,1,0,0,0,0,0,0,0,0,1,0,0,0
1618187,216,0,1,0,0,0,0,1,0,0,0,0,0,0,0
1625769,217,1,0,0,0,0,0,0,0,0,0,0,0,0,0
1630247,218,0,1,1,0,0,0,0,0,0,0,0,0,0,0
1630396,218,1,0,0,0,0,0,0,0,0,0,0,0,0,0
1629312,218,1,0,0,0,0,0,0,0,0,0,0,0,0,0
1631659,218,1,0,0,0,0,0,0,0,0,0,0,0,0,0
1634790,218,1,0,0,0,0,0,0,0,0,0,0,0,0,0
1635174,219,0,1,1,0,0,0,0,0,0,0,0,0,0,0
1638325,219,1,0,0,0,0,0,0,0,0,0,0,0,0,0
1657968,222,0,1,0,0,1,0,0,0,0,0,0,0,0,0
1665790,223,0,1,0,0,1,0,0,0,0,0,0,0,0,0
1698842,227,0,1,0,0,1,0,0,0,0,0,0,0,0,0
1708426,228,0,1,0,0,1,0,0,0,0,0,0,0,0,0
1709277,228,0,1,0,0,1,0,0,0,0,0,0,0,0,0
1709868,228,0,1,0,0,1,0,0,0,0,0,0,0,0,0
1710133,229,0,1,0,0,0,1,0,0,0,0,0,0,0,0
1715637,229,0,1,0,0,0,1,0,0,0,0,0,0,0,0
1716758,229,0,1,0,0,1,0,0,0,0,0,0,0,0,0
1716847,229,0,1,0,0,1,0,0,0,0,0,0,0,0,0
1717550,230,0,1,0,0,1,0,0,0,0,0,0,0,0,0
1718077,230,0,1,0,0,1,0,0,0,0,0,0,0,0,0
1719065,230,0,1,0,0,1,0,0,0,0,0,0,0,0,0
1721102,230,0,1,0,0,1,0,0,0,0,0,0,0,0,0
1721478,230,0,1,0,0,1,0,0,0,0,0,0,0,0,0
1722977,230,0,1,0,0,1,0,0,0,0,0,0,0,0,0
1722549,230,0,1,0,0,1,0,0,0,0,0,0,0,0,0
1723469,230,0,1,0,0,1,0,0,0,0,0,0,0,0,0
1726161,231,0,1,0,0,1,0,0,0,0,0,0,0,0,0
1733938,232,0,1,0,0,1,0,0,0,0,0,0,0,0,0
1732752,232,0,1,0,0,1,0,0,0,0,0,0,0,0,0
1733550,232,0,1,0,0,1,0,0,0,0,0,0,0,0,0
1733114,232,0,1,0,0,1,0,0,0,0,0,0,0,0,0
1736735,232,0,1,0,0,1,0,0,0,0,0,0,0,0,0
1736296,232,0,1,0,0,1,0,0,0,0,0,0,0,0,0
1735938,232,0,1,0,0,1,0,0,0,0,0,0,0,0,0
1752224,234,0,1,0,0,1,0,0,0,0,0,0,0,0,0
1791476,239,0,1,0,0,1,0,0,0,0,0,0,0,0,0
1806379,241,0,1,0,0,1,0,0,0,0,0,0,0,0,0
1806694,241,0,1,0,0,0,1,0,0,0,0,0,0,0,0
1807042,241,0,1,0,0,1,0,0,0,0,0,0,0,0,0
1817120,243,0,1,0,0,1,0,0,0,0,0,0,0,0,0
1816274,243,0,1,0,0,1,0,0,0,0,0,0,0,0,0
1815988,243,0,1,0,0,1,0,0,0,0,0,0,0,0,0
1819330,243,0,1,0,0,1,0,0,0,0,0,0,0,0,0
1821770,243,0,1,0,0,1,0,0,0,0,0,0,0,0,0
1815025,243,0,1,0,0,1,0,0,0,0,0,0,0,0,0
1814807,242,0,1,0,0,1,0,0,0,0,0,0,0,0,0
1817873,243,0,1,0,0,1,0,0,0,0,0,0,0,0,0
1823394,244,0,1,0,0,1,0,0,0,0,0,0,0,0,0
1824823,244,0,1,0,0,1,0,0,0,0,0,0,0,0,0
1826332,244,0,1,0,0,1,0,0,0,0,0,0,0,0,0
1822625,244,0,1,0,0,1,0,0,0,0,0,0,0,0,0
1826113,244,0,1,0,0,0,1,0,0,0,0,0,0,0,0
1828140,244,0,1,0,0,1,0,0,0,0,0,0,0,0,0
1828598,244,0,1,0,0,1,0,0,0,0,0,0,0,0,0
1857288,248,0,1,0,0,1,0,0,0,0,0,0,0,0,0
1857510,248,0,1,0,0,1,0,0,0,0,0,0,0,0,0
1857825,248,0,1,0,0,1,0,0,0,0,0,0,0,0,0
1858330,248,0,1,0,0,1,0,0,0,0,0,0,0,0,0
1860447,249,0,1,0,0,1,0,0,0,0,0,0,0,0,0
1862319,249,0,1,0,0,1,0,0,0,0,0,0,0,0,0
1863002,249,0,1,0,0,1,0,0,0,0,0,0,0,0,0
1863381,249,0,1,0,0,1,0,0,0,0,0,0,0,0,0
1883368,252,0,1,0,0,1,0,0,0,0,0,0,0,0,0
1909044,255,0,1,0,0,1,0,0,0,0,0,0,0,0,0
1930477,258,0,1,0,0,1,0,0,0,0,0,0,0,0,0
1945904,260,0,1,0,0,1,0,0,0,0,0,0,0,0,0
1947462,260,0,1,0,0,1,0,0,0,0,0,0,0,0,0
1948308,260,0,1,0,0,1,0,0,0,0,0,0,0,0,0
1947676,260,0,1,0,0,1,0,0,0,0,0,0,0,0,0
1947973,260,0,1,0,0,1,0,0,0,0,0,0,0,0,0
1954264,261,0,1,0,0,1,0,0,0,0,0,0,0,0,0
1957572,262,0,1,0,0,1,0,0,0,0,0,0,0,0,0
1958956,262,0,1,0,0,1,0,0,0,0,0,0,0,0,0
2021129,270,0,1,0,0,1,0,0,0,0,0,0,0,0,0
2022167,270,0,1,0,0,1,0,0,0,0,0,0,0,0,0
2023757,270,0,1,0,0,1,0,0,0,0,0,0,0,0,0
2045770,273,0,1,0,0,1,0,0,0,0,0,0,0,0,0
2064892,276,0,1,0,0,1,0,0,0,0,0,0,0,0,0
2127471,284,1,0,0,0,0,0,0,0,0,0,0,0,0,0
2123462,284,1,0,0,0,0,0,0,0,0,0,0,0,0,0
2125541,284,1,0,0,0,0,0,0,0,0,0,0,0,0,0
2127162,284,1,0,0,0,0,0,0,0,0,0,0,0,0,0
2134069,285,1,0,0,0,0,0,0,0,0,0,0,0,0,0
2136307,285,1,0,0,0,0,0,0,0,0,0,0,0,0,0
2146629,287,1,0,0,0,0,0,0,0,0,0,0,0,0,0
2157822,288,1,0,0,0,0,0,0,0,0,0,0,0,0,0
2158950,288,1,0,0,0,0,0,0,0,0,0,0,0,0,0
2162238,289,1,0,0,0,0,0,0,0,0,0,0,0,0,0
2166080,289,1,0,0,0,0,0,0,0,0,0,0,0,0,0
2165786,289,0,1,0,1,0,0,0,0,0,0,0,0,0,0
2174522,290,1,0,0,0,0,0,0,0,0,0,0,0,0,0
2180204,291,1,0,0,0,0,0,0,0,0,0,0,0,0,0
2176278,291,1,0,0,0,0,0,0,0,0,0,0,0,0,0
2186103,292,1,0,0,0,0,0,0,0,0,0,0,0,0,0
2184287,292,1,0,0,0,0,0,0,0,0,0,0,0,0,0
2192286,293,1,0,0,0,0,0,0,0,0,0,0,0,0,0
2193211,293,1,0,0,0,0,0,0,0,0,0,0,0,0,0
2196394,293,1,0,0,0,0,0,0,0,0,0,0,0,0,0
2196233,293,0,1,0,1,0,0,0,0,0,0,0,0,0,0
2195405,293,1,0,0,0,0,0,0,0,0,0,0,0,0,0
2200149,294,1,0,0,0,0,0,0,0,0,0,0,0,0,0
2203705,294,1,0,0,0,0,0,0,0,0,0,0,0,0,0
2198386,294,1,0,0,0,0,0,0,0,0,0,0,0,0,0
2206817,295,1,0,0,0,0,0,0,0,0,0,0,0,0,0
2213278,296,1,0,0,0,0,0,0,0,0,0,0,0,0,0
2216269,296,1,0,0,0,0,0,0,0,0,0,0,0,0,0
2216018,296,0,1,0,1,0,0,0,0,0,0,0,0,0,0
2223029,297,1,0,0,0,0,0,0,0,0,0,0,0,0,0
2228943,298,1,0,0,0,0,0,0,0,0,0,0,0,0,0
2234168,298,1,0,0,0,0,0,0,0,0,0,0,0,0,0
2241977,299,1,0,0,0,0,0,0,0,0,0,0,0,0,0
2240806,299,1,0,0,0,0,0,0,0,0,0,0,0,0,0
2237303,299,1,0,0,0,0,0,0,0,0,0,0,0,0,0
2239258,299,1,0,0,0,0,0,0,0,0,0,0,0,0,0
2241761,299,0,1,1,0,0,0,0,0,0,0,0,0,0,0
2244455,300,1,0,0,0,0,0,0,0,0,0,0,0,0,0
2248547,300,1,0,0,0,0,0,0,0,0,0,0,0,0,0
2254516,301,1,0,0,0,0,0,0,0,0,0,0,0,0,0
2250893,301,1,0,0,0,0,0,0,0,0,0,0,0,0,0
2250480,301,0,1,1,0,0,0,0,0,0,0,0,0,0,0
2257093,301,0,1,1,0,0,0,0,0,0,0,0,0,0,0
2263168,302,1,0,0,0,0,0,0,0,0,0,0,0,0,0
2261170,302,1,0,0,0,0,0,0,0,0,0,0,0,0,0
2259773,302,1,0,0,0,0,0,0,0,0,0,0,0,0,0
2264451,302,1,0,0,0,0,0,0,0,0,0,0,0,0,0
2265692,303,0,1,1,0,0,0,0,0,0,0,0,0,0,0
2265830,303,1,0,0,0,0,0,0,0,0,0,0,0,0,0
2267235,303,1,0,0,0,0,0,0,0,0,0,0,0,0,0
2268628,303,1,0,0,0,0,0,0,0,0,0,0,0,0,0
2271538,303,1,0,0,0,0,0,0,0,0,0,0,0,0,0
2274214,304,1,0,0,0,0,0,0,0,0,0,0,0,0,0
2275459,304,1,0,0,0,0,0,0,0,0,0,0,0,0,0
2275277,304,0,1,1,0,0,0,0,0,0,0,0,0,0,0
2286064,305,1,0,0,0,0,0,0,0,0,0,0,0,0,0
2284737,305,0,1,0,1,0,0,0,0,0,0,0,0,0,0
2287336,305,1,0,0,0,0,0,0,0,0,0,0,0,0,0
2284350,305,1,0,0,0,0,0,0,0,0,0,0,0,0,0
2290224,306,1,0,0,0,0,0,0,0,0,0,0,0,0,0
2289130,306,1,0,0,0,0,0,0,0,0,0,0,0,0,0
2291664,306,1,0,0,0,0,0,0,0,0,0,0,0,0,0
2293538,306,0,1,0,0,0,0,0,0,0,0,1,0,0,0
2302238,307,0,1,0,0,0,0,1,0,0,0,0,0,0,0
2308459,308,1,0,0,0,0,0,0,0,0,0,0,0,0,0
2311650,309,1,0,0,0,0,0,0,0,0,0,0,0,0,0
2312970,309,1,0,0,0,0,0,0,0,0,0,0,0,0,0
2316205,309,1,0,0,0,0,0,0,0,0,0,0,0,0,0
2318829,310,1,0,0,0,0,0,0,0,0,0,0,0,0,0
2329799,311,1,0,0,0,0,0,0,0,0,0,0,0,0,0
2330329,311,1,0,0,0,0,0,0,0,0,0,0,0,0,0
2326667,311,1,0,0,0,0,0,0,0,0,0,0,0,0,0
2332520,312,1,0,0,0,0,0,0,0,0,0,0,0,0,0
2333515,312,1,0,0,0,0,0,0,0,0,0,0,0,0,0
2337012,312,0,1,0,1,0,0,0,0,0,0,0,0,0,0
2339216,312,1,0,0,0,0,0,0,0,0,0,0,0,0,0
2342896,313,1,0,0,0,0,0,0,0,0,0,0,0,0,0
2341151,313,1,0,0,0,0,0,0,0,0,0,0,0,0,0
2346861,313,1,0,0,0,0,0,0,0,0,0,0,0,0,0
2349396,314,1,0,0,0,0,0,0,0,0,0,0,0,0,0
2359080,315,0,1,1,0,0,0,0,0,0,0,0,0,0,0
2360449,315,1,0,0,0,0,0,0,0,0,0,0,0,0,0
2361827,315,1,0,0,0,0,0,0,0,0,0,0,0,0,0
2369251,316,1,0,0,0,0,0,0,0,0,0,0,0,0,0
2371681,317,1,0,0,0,0,0,0,0,0,0,0,0,0,0
2376266,317,1,0,0,0,0,0,0,0,0,0,0,0,0,0
2371273,317,1,0,0,0,0,0,0,0,0,0,0,0,0,0
2370998,317,1,0,0,0,0,0,0,0,0,0,0,0,0,0
2372005,317,0,1,1,0,0,0,0,0,0,0,0,0,0,0
2377780,318,1,0,0,0,0,0,0,0,0,0,0,0,0,0
2379116,318,1,0,0,0,0,0,0,0,0,0,0,0,0,0
2381166,318,1,0,0,0,0,0,0,0,0,0,0,0,0,0
2383978,318,1,0,0,0,0,0,0,0,0,0,0,0,0,0
2391857,319,1,0,0,0,0,0,0,0,0,0,0,0,0,0
2390000,319,1,0,0,0,0,0,0,0,0,0,0,0,0,0
2393932,320,1,0,0,0,0,0,0,0,0,0,0,0,0,0
2392713,320,1,0,0,0,0,0,0,0,0,0,0,0,0,0
2395061,320,1,0,0,0,0,0,0,0,0,0,0,0,0,0
2396223,320,1,0,0,0,0,0,0,0,0,0,0,0,0,0
2406702,321,0,1,1,0,0,0,0,0,0,0,0,0,0,0
2403228,321,1,0,0,0,0,0,0,0,0,0,0,0,0,0
2408071,322,1,0,0,0,0,0,0,0,0,0,0,0,0,0
2411406,322,0,1,0,1,0,0,0,0,0,0,0,0,0,0
2412882,322,1,0,0,0,0,0,0,0,0,0,0,0,0,0
2413078,322,1,0,0,0,0,0,0,0,0,0,0,0,0,0
2414437,322,1,0,0,0,0,0,0,0,0,0,0,0,0,0
2411641,322,1,0,0,0,0,0,0,0,0,0,0,0,0,0
2417063,323,1,0,0,0,0,0,0,0,0,0,0,0,0,0
2419605,323,1,0,0,0,0,0,0,0,0,0,0,0,0,0
2427159,324,1,0,0,0,0,0,0,0,0,0,0,0,0,0
2422652,324,1,0,0,0,0,0,0,0,0,0,0,0,0,0
2428285,324,0,1,0,1,0,0,0,0,0,0,0,0,0,0
2423920,324,0,1,0,1,0,0,0,0,0,0,0,0,0,0
2424291,324,1,0,0,0,0,0,0,0,0,0,0,0,0,0
2426235,324,1,0,0,0,0,0,0,0,0,0,0,0,0,0
2430925,325,1,0,0,0,0,0,0,0,0,0,0,0,0,0
2433734,325,1,0,0,0,0,0,0,0,0,0,0,0,0,0
2435367,325,1,0,0,0,0,0,0,0,0,0,0,0,0,0
2432261,325,1,0,0,0,0,0,0,0,0,0,0,0,0,0
2436964,325,0,1,1,0,0,0,0,0,0,0,0,0,0,0
2443642,326,1,0,0,0,0,0,0,0,0,0,0,0,0,0
2451254,327,0,1,0,1,0,0,0,0,0,0,0,0,0,0
2446578,327,1,0,0,0,0,0,0,0,0,0,0,0,0,0
2449204,327,1,0,0,0,0,0,0,0,0,0,0,0,0,0
2437403,325,0,1,0,0,0,0,0,0,0,0,1,0,0,0
2440198,326,0,1,0,0,0,0,1,0,0,0,0,0,0,0
2459240,328,1,0,0,0,0,0,0,0,0,0,0,0,0,0
2455775,328,1,0,0,0,0,0,0,0,0,0,0,0,0,0
2466345,329,1,0,0,0,0,0,0,0,0,0,0,0,0,0
2461316,329,1,0,0,0,0,0,0,0,0,0,0,0,0,0
2474340,330,1,0,0,0,0,0,0,0,0,0,0,0,0,0
2469063,330,1,0,0,0,0,0,0,0,0,0,0,0,0,0
2476053,331,0,1,0,1,0,0,0,0,0,0,0,0,0,0
2476660,331,0,1,0,1,0,0,0,0,0,0,0,0,0,0
2479139,331,1,0,0,0,0,0,0,0,0,0,0,0,0,0
2485310,332,1,0,0,0,0,0,0,0,0,0,0,0,0,0
2489348,332,1,0,0,0,0,0,0,0,0,0,0,0,0,0
2491090,333,1,0,0,0,0,0,0,0,0,0,0,0,0,0
2494060,333,1,0,0,0,0,0,0,0,0,0,0,0,0,0
2494226,333,1,0,0,0,0,0,0,0,0,0,0,0,0,0
2499465,334,1,0,0,0,0,0,0,0,0,0,0,0,0,0
2498466,334,1,0,0,0,0,0,0,0,0,0,0,0,0,0
2499849,334,0,1,1,0,0,0,0,0,0,0,0,0,0,0
2503699,334,1,0,0,0,0,0,0,0,0,0,0,0,0,0
2506929,335,0,1,1,0,0,0,0,0,0,0,0,0,0,0
2508300,335,1,0,0,0,0,0,0,0,0,0,0,0,0,0
2505929,335,1,0,0,0,0,0,0,0,0,0,0,0,0,0
2512329,335,1,0,0,0,0,0,0,0,0,0,0,0,0,0
2525584,337,0,1,0,1,0,0,0,0,0,0,0,0,0,0
2523640,337,1,0,0,0,0,0,0,0,0,0,0,0,0,0
2539758,339,0,1,1,0,0,0,0,0,0,0,0,0,0,0
2538205,339,0,1,1,0,0,0,0,0,0,0,0,0,0,0
2547795,340,0,1,1,0,0,0,0,0,0,0,0,0,0,0
2545400,340,1,0,0,0,0,0,0,0,0,0,0,0,0,0
2554348,341,0,1,1,0,0,0,0,0,0,0,0,0,0,0
2564129,342,1,0,0,0,0,0,0,0,0,0,0,0,0,0
2566968,343,0,1,1,0,0,0,0,0,0,0,0,0,0,0
2568667,343,0,1,1,0,0,0,0,0,0,0,0,0,0,0
2565806,343,1,0,0,0,0,0,0,0,0,0,0,0,0,0
2573086,344,1,0,0,0,0,0,0,0,0,0,0,0,0,0
2575657,344,1,0,0,0,0,0,0,0,0,0,0,0,0,0
2582716,345,0,1,1,0,0,0,0,0,0,0,0,0,0,0
2583203,345,0,1,1,0,0,0,0,0,0,0,0,0,0,0
2591168,346,0,1,1,0,0,0,0,0,0,0,0,0,0,0
2589021,346,0,1,0,1,0,0,0,0,0,0,0,0,0,0
2594152,346,1,0,0,0,0,0,0,0,0,0,0,0,0,0
2604680,348,0,1,1,0,0,0,0,0,0,0,0,0,0,0
2605387,348,1,0,0,0,0,0,0,0,0,0,0,0,0,0
2607299,348,0,1,1,0,0,0,0,0,0,0,0,0,0,0
2612029,349,1,0,0,0,0,0,0,0,0,0,0,0,0,0
2614071,349,1,0,0,0,0,0,0,0,0,0,0,0,0,0
2631663,351,1,0,0,0,0,0,0,0,0,0,0,0,0,0
2635889,352,1,0,0,0,0,0,0,0,0,0,0,0,0,0
2644213,353,1,0,0,0,0,0,0,0,0,0,0,0,0,0
2645438,353,1,0,0,0,0,0,0,0,0,0,0,0,0,0
2652578,354,0,1,1,0,0,0,0,0,0,0,0,0,0,0
2673107,357,0,1,0,1,0,0,0,0,0,0,0,0,0,0
2682344,358,1,0,0,0,0,0,0,0,0,0,0,0,0,0
2691794,359,1,0,0,0,0,0,0,0,0,0,0,0,0,0
2695175,360,1,0,0,0,0,0,0,0,0,0,0,0,0,0
2701223,361,0,1,1,0,0,0,0,0,0,0,0,0,0,0
2713275,362,1,0,0,0,0,0,0,0,0,0,0,0,0,0
2729153,364,0,1,0,1,0,0,0,0,0,0,0,0,0,0
2742452,366,1,0,0,0,0,0,0,0,0,0,0,0,0,0
2738837,366,0,1,1,0,0,0,0,0,0,0,0,0,0,0
2736738,365,0,1,1,0,0,0,0,0,0,0,0,0,0,0
2751350,367,1,0,0,0,0,0,0,0,0,0,0,0,0,0
2752570,368,1,0,0,0,0,0,0,0,0,0,0,0,0,0
2755041,368,1,0,0,0,0,0,0,0,0,0,0,0,0,0
2757045,368,1,0,0,0,0,0,0,0,0,0,0,0,0,0
2761123,369,1,0,0,0,0,0,0,0,0,0,0,0,0,0
2767081,369,1,0,0,0,0,0,0,0,0,0,0,0,0,0
2763283,369,1,0,0,0,0,0,0,0,0,0,0,0,0,0
2768394,370,1,0,0,0,0,0,0,0,0,0,0,0,0,0
2772358,370,1,0,0,0,0,0,0,0,0,0,0,0,0,0
2774437,370,1,0,0,0,0,0,0,0,0,0,0,0,0,0
2776672,371,0,1,1,0,0,0,0,0,0,0,0,0,0,0
2789421,372,0,1,0,1,0,0,0,0,0,0,0,0,0,0
2793099,373,1,0,0,0,0,0,0,0,0,0,0,0,0,0
2790480,373,0,1,1,0,0,0,0,0,0,0,0,0,0,0
2790741,373,0,1,1,0,0,0,0,0,0,0,0,0,0,0
2799592,374,0,1,1,0,0,0,0,0,0,0,0,0,0,0
2801608,374,1,0,0,0,0,0,0,0,0,0,0,0,0,0
2802904,374,1,0,0,0,0,0,0,0,0,0,0,0,0,0
2803911,374,0,1,1,0,0,0,0,0,0,0,0,0,0,0
2811563,375,1,0,0,0,0,0,0,0,0,0,0,0,0,0
2805834,375,0,1,1,0,0,0,0,0,0,0,0,0,0,0
2816257,376,1,0,0,0,0,0,0,0,0,0,0,0,0,0
2818173,376,0,1,0,0,0,0,0,0,1,0,0,0,0,0
2847265,380,0,1,1,0,0,0,0,0,0,0,0,0,0,0
2855777,381,1,0,0,0,0,0,0,0,0,0,0,0,0,0
2857075,381,0,1,1,0,0,0,0,0,0,0,0,0,0,0
2857760,382,1,0,0,0,0,0,0,0,0,0,0,0,0,0
2858866,382,1,0,0,0,0,0,0,0,0,0,0,0,0,0
2861132,382,1,0,0,0,0,0,0,0,0,0,0,0,0,0
2864788,382,0,1,1,0,0,0,0,0,0,0,0,0,0,0
2865011,383,0,1,0,0,0,0,0,0,0,0,1,0,0,0
2866191,383,0,1,0,0,0,0,1,0,0,0,0,0,0,0
2866525,383,1,0,0,0,0,0,0,0,0,0,0,0,0,0
2869445,383,1,0,0,0,0,0,0,0,0,0,0,0,0,0
2875443,384,1,0,0,0,0,0,0,0,0,0,0,0,0,0
2874911,384,0,1,0,1,0,0,0,0,0,0,0,0,0,0
2878760,384,1,0,0,0,0,0,0,0,0,0,0,0,0,0
2882091,385,1,0,0,0,0,0,0,0,0,0,0,0,0,0
2882913,385,0,1,0,1,0,0,0,0,0,0,0,0,0,0
2883537,385,1,0,0,0,0,0,0,0,0,0,0,0,0,0
2888313,386,1,0,0,0,0,0,0,0,0,0,0,0,0,0
2890134,386,1,0,0,0,0,0,0,0,0,0,0,0,0,0
2894193,386,1,0,0,0,0,0,0,0,0,0,0,0,0,0
2897141,387,1,0,0,0,0,0,0,0,0,0,0,0,0,0
2898308,387,1,0,0,0,0,0,0,0,0,0,0,0,0,0
2900790,387,1,0,0,0,0,0,0,0,0,0,0,0,0,0
2900582,387,0,1,1,0,0,0,0,0,0,0,0,0,0,0
2914477,389,1,0,0,0,0,0,0,0,0,0,0,0,0,0
2910172,389,1,0,0,0,0,0,0,0,0,0,0,0,0,0
2927775,391,1,0,0,0,0,0,0,0,0,0,0,0,0,0
2932222,391,0,1,0,0,0,0,0,0,0,0,1,0,0,0
2936647,392,0,1,0,0,0,0,1,0,0,0,0,0,0,0
2940095,393,0,1,0,0,0,0,0,0,1,0,0,0,0,0
2954779,394,0,1,0,0,0,0,1,0,0,0,0,0,0,0
2960048,395,1,0,0,0,0,0,0,0,0,0,0,0,0,0
2964439,396,1,0,0,0,0,0,0,0,0,0,0,0,0,0
2964857,396,0,1,1,0,0,0,0,0,0,0,0,0,0,0
2965668,396,1,0,0,0,0,0,0,0,0,0,0,0,0,0
2968930,396,1,0,0,0,0,0,0,0,0,0,0,0,0,0
2969666,396,1,0,0,0,0,0,0,0,0,0,0,0,0,0
2973509,397,1,0,0,0,0,0,0,0,0,0,0,0,0,0
2974431,397,1,0,0,0,0,0,0,0,0,0,0,0,0,0
2977023,397,1,0,0,0,0,0,0,0,0,0,0,0,0,0
2978633,398,0,1,1,0,0,0,0,0,0,0,0,0,0,0
2972721,397,0,1,1,0,0,0,0,0,0,0,0,0,0,0
2984753,398,1,0,0,0,0,0,0,0,0,0,0,0,0,0
2987240,399,1,0,0,0,0,0,0,0,0,0,0,0,0,0
2990291,399,1,0,0,0,0,0,0,0,0,0,0,0,0,0
2990472,399,0,1,0,1,0,0,0,0,0,0,0,0,0,0
2991842,399,1,0,0,0,0,0,0,0,0,0,0,0,0,0
2992149,399,1,0,0,0,0,0,0,0,0,0,0,0,0,0
2993263,400,1,0,0,0,0,0,0,0,0,0,0,0,0,0
2997047,400,1,0,0,0,0,0,0,0,0,0,0,0,0,0
2994323,400,1,0,0,0,0,0,0,0,0,0,0,0,0,0
2994662,400,0,1,1,0,0,0,0,0,0,0,0,0,0,0
2995460,400,0,1,1,0,0,0,0,0,0,0,0,0,0,0
2995666,400,1,0,0,0,0,0,0,0,0,0,0,0,0,0
3000064,401,1,0,0,0,0,0,0,0,0,0,0,0,0,0
3001909,401,1,0,0,0,0,0,0,0,0,0,0,0,0,0
3003868,401,1,0,0,0,0,0,0,0,0,0,0,0,0,0
3005671,401,1,0,0,0,0,0,0,0,0,0,0,0,0,0
3006871,401,0,1,1,0,0,0,0,0,0,0,0,0,0,0
3012428,402,1,0,0,0,0,0,0,0,0,0,0,0,0,0
3010557,402,1,0,0,0,0,0,0,0,0,0,0,0,0,0
3009928,402,0,1,0,1,0,0,0,0,0,0,0,0,0,0
3013414,402,1,0,0,0,0,0,0,0,0,0,0,0,0,0
3016713,403,1,0,0,0,0,0,0,0,0,0,0,0,0,0
3019284,403,0,1,1,0,0,0,0,0,0,0,0,0,0,0
3015210,403,1,0,0,0,0,0,0,0,0,0,0,0,0,0
3024111,404,1,0,0,0,0,0,0,0,0,0,0,0,0,0
3026250,404,1,0,0,0,0,0,0,0,0,0,0,0,0,0
3027648,404,1,0,0,0,0,0,0,0,0,0,0,0,0,0
3028960,404,1,0,0,0,0,0,0,0,0,0,0,0,0,0
3031731,405,1,0,0,0,0,0,0,0,0,0,0,0,0,0
3031508,405,1,0,0,0,0,0,0,0,0,0,0,0,0,0
3034722,405,1,0,0,0,0,0,0,0,0,0,0,0,0,0
3038253,406,1,0,0,0,0,0,0,0,0,0,0,0,0,0
3050188,407,1,0,0,0,0,0,0,0,0,0,0,0,0,0
3046932,407,0,1,1,0,0,0,0,0,0,0,0,0,0,0
3048888,407,1,0,0,0,0,0,0,0,0,0,0,0,0,0
3051330,407,1,0,0,0,0,0,0,0,0,0,0,0,0,0
3055163,408,1,0,0,0,0,0,0,0,0,0,0,0,0,0
3052681,408,1,0,0,0,0,0,0,0,0,0,0,0,0,0
3056733,408,1,0,0,0,0,0,0,0,0,0,0,0,0,0
3058588,408,1,0,0,0,0,0,0,0,0,0,0,0,0,0
3062976,409,1,0,0,0,0,0,0,0,0,0,0,0,0,0
3065963,409,1,0,0,0,0,0,0,0,0,0,0,0,0,0
3068149,410,1,0,0,0,0,0,0,0,0,0,0,0,0,0
3069519,410,1,0,0,0,0,0,0,0,0,0,0,0,0,0
3073632,410,1,0,0,0,0,0,0,0,0,0,0,0,0,0
3075519,411,1,0,0,0,0,0,0,0,0,0,0,0,0,0
3080205,411,1,0,0,0,0,0,0,0,0,0,0,0,0,0
3078239,411,1,0,0,0,0,0,0,0,0,0,0,0,0,0
3082884,412,0,1,0,1,0,0,0,0,0,0,0,0,0,0
3083424,412,0,1,1,0,0,0,0,0,0,0,0,0,0,0
3089806,412,1,0,0,0,0,0,0,0,0,0,0,0,0,0
3091815,413,1,0,0,0,0,0,0,0,0,0,0,0,0,0
3093293,413,1,0,0,0,0,0,0,0,0,0,0,0,0,0
3094092,413,1,0,0,0,0,0,0,0,0,0,0,0,0,0
3104101,414,1,0,0,0,0,0,0,0,0,0,0,0,0,0
3099022,414,1,0,0,0,0,0,0,0,0,0,0,0,0,0
3112515,416,1,0,0,0,0,0,0,0,0,0,0,0,0,0
3121624,417,0,1,1,0,0,0,0,0,0,0,0,0,0,0
3123828,417,1,0,0,0,0,0,0,0,0,0,0,0,0,0
3127247,417,0,1,0,0,0,0,0,0,1,0,0,0,0,0
3152182,421,1,0,0,0,0,0,0,0,0,0,0,0,0,0
3157340,421,1,0,0,0,0,0,0,0,0,0,0,0,0,0
3163923,422,1,0,0,0,0,0,0,0,0,0,0,0,0,0
3161880,422,1,0,0,0,0,0,0,0,0,0,0,0,0,0
3160600,422,1,0,0,0,0,0,0,0,0,0,0,0,0,0
3162761,422,1,0,0,0,0,0,0,0,0,0,0,0,0,0
3165112,423,1,0,0,0,0,0,0,0,0,0,0,0,0,0
3169163,423,1,0,0,0,0,0,0,0,0,0,0,0,0,0
3170700,423,1,0,0,0,0,0,0,0,0,0,0,0,0,0
3171503,423,0,1,1,0,0,0,0,0,0,0,0,0,0,0
3176830,424,1,0,0,0,0,0,0,0,0,0,0,0,0,0
3180977,425,1,0,0,0,0,0,0,0,0,0,0,0,0,0
3182039,425,0,1,0,1,0,0,0,0,0,0,0,0,0,0
3183019,425,1,0,0,0,0,0,0,0,0,0,0,0,0,0
3184284,425,1,0,0,0,0,0,0,0,0,0,0,0,0,0
3185261,425,1,0,0,0,0,0,0,0,0,0,0,0,0,0
3191998,426,1,0,0,0,0,0,0,0,0,0,0,0,0,0
3193134,426,1,0,0,0,0,0,0,0,0,0,0,0,0,0
3197570,427,1,0,0,0,0,0,0,0,0,0,0,0,0,0
3204922,428,0,1,1,0,0,0,0,0,0,0,0,0,0,0
3207317,428,1,0,0,0,0,0,0,0,0,0,0,0,0,0
3212969,429,1,0,0,0,0,0,0,0,0,0,0,0,0,0
3227568,431,1,0,0,0,0,0,0,0,0,0,0,0,0,0
3232680,432,0,1,1,0,0,0,0,0,0,0,0,0,0,0
3235384,432,0,1,1,0,0,0,0,0,0,0,0,0,0,0
3237648,432,1,0,0,0,0,0,0,0,0,0,0,0,0,0
3243268,433,1,0,0,0,0,0,0,0,0,0,0,0,0,0
3250766,434,1,0,0,0,0,0,0,0,0,0,0,0,0,0
3255540,435,1,0,0,0,0,0,0,0,0,0,0,0,0,0
3262832,436,1,0,0,0,0,0,0,0,0,0,0,0,0,0
3266606,436,1,0,0,0,0,0,0,0,0,0,0,0,0,0
3273524,437,0,1,0,1,0,0,0,0,0,0,0,0,0,0
3307818,442,1,0,0,0,0,0,0,0,0,0,0,0,0,0
3285223,439,1,0,0,0,0,0,0,0,0,0,0,0,0,0
3286286,439,1,0,0,0,0,0,0,0,0,0,0,0,0,0
3286898,439,0,1,1,0,0,0,0,0,0,0,0,0,0,0
3287276,439,0,1,1,0,0,0,0,0,0,0,0,0,0,0
3287493,439,0,1,1,0,0,0,0,0,0,0,0,0,0,0
3289462,439,1,0,0,0,0,0,0,0,0,0,0,0,0,0
3287965,439,1,0,0,0,0,0,0,0,0,0,0,0,0,0
3298859,440,0,1,0,1,0,0,0,0,0,0,0,0,0,0
3299725,440,1,0,0,0,0,0,0,0,0,0,0,0,0,0
3311711,442,1,0,0,0,0,0,0,0,0,0,0,0,0,0
3321259,443,1,0,0,0,0,0,0,0,0,0,0,0,0,0
3322111,443,1,0,0,0,0,0,0,0,0,0,0,0,0,0
3323653,444,0,1,1,0,0,0,0,0,0,0,0,0,0,0
3323947,444,1,0,0,0,0,0,0,0,0,0,0,0,0,0
3327912,444,1,0,0,0,0,0,0,0,0,0,0,0,0,0
3329131,444,0,1,1,0,0,0,0,0,0,0,0,0,0,0
3329308,444,1,0,0,0,0,0,0,0,0,0,0,0,0,0
3339509,446,1,0,0,0,0,0,0,0,0,0,0,0,0,0
3340219,446,0,1,0,1,0,0,0,0,0,0,0,0,0,0
3341139,446,1,0,0,0,0,0,0,0,0,0,0,0,0,0
3340471,446,0,1,0,1,0,0,0,0,0,0,0,0,0,0
3350139,447,1,0,0,0,0,0,0,0,0,0,0,0,0,0
3348412,447,0,1,1,0,0,0,0,0,0,0,0,0,0,0
3347995,447,1,0,0,0,0,0,0,0,0,0,0,0,0,0
3358652,448,0,1,1,0,0,0,0,0,0,0,0,0,0,0
3353016,448,0,1,0,1,0,0,0,0,0,0,0,0,0,0
3353623,448,1,0,0,0,0,0,0,0,0,0,0,0,0,0
3361040,449,1,0,0,0,0,0,0,0,0,0,0,0,0,0
3362189,449,1,0,0,0,0,0,0,0,0,0,0,0,0,0
3367410,449,1,0,0,0,0,0,0,0,0,0,0,0,0,0
3374598,450,1,0,0,0,0,0,0,0,0,0,0,0,0,0
3383530,452,1,0,0,0,0,0,0,0,0,0,0,0,0,0
3392627,453,1,0,0,0,0,0,0,0,0,0,0,0,0,0
3390486,453,1,0,0,0,0,0,0,0,0,0,0,0,0,0
3394345,453,0,1,1,0,0,0,0,0,0,0,0,0,0,0
3394787,453,1,0,0,0,0,0,0,0,0,0,0,0,0,0
3410029,455,0,1,1,0,0,0,0,0,0,0,0,0,0,0
3406654,455,1,0,0,0,0,0,0,0,0,0,0,0,0,0
3410463,455,1,0,0,0,0,0,0,0,0,0,0,0,0,0
3417467,456,1,0,0,0,0,0,0,0,0,0,0,0,0,0
3416916,456,0,1,0,1,0,0,0,0,0,0,0,0,0,0
3422476,457,0,1,1,0,0,0,0,0,0,0,0,0,0,0
3423255,457,1,0,0,0,0,0,0,0,0,0,0,0,0,0
3424370,457,1,0,0,0,0,0,0,0,0,0,0,0,0,0
3441906,459,0,1,0,0,1,0,0,0,0,0,0,0,0,0
3442112,459,0,1,0,0,1,0,0,0,0,0,0,0,0,0
3445585,460,0,1,0,0,0,1,0,0,0,0,0,0,0,0
3442830,460,0,1,0,0,1,0,0,0,0,0,0,0,0,0
3446525,460,0,1,0,0,1,0,0,0,0,0,0,0,0,0
3447200,460,0,1,0,0,1,0,0,0,0,0,0,0,0,0
3458204,462,0,1,0,0,1,0,0,0,0,0,0,0,0,0
3461413,462,0,1,0,0,1,0,0,0,0,0,0,0,0,0
3465069,463,0,1,0,0,1,0,0,0,0,0,0,0,0,0
3472130,463,0,1,0,0,1,0,0,0,0,0,0,0,0,0
3468839,463,0,1,0,0,0,1,0,0,0,0,0,0,0,0
3469566,463,0,1,0,0,0,1,0,0,0,0,0,0,0,0
3483282,465,0,1,0,0,1,0,0,0,0,0,0,0,0,0
3484810,465,0,1,0,0,1,0,0,0,0,0,0,0,0,0
3485531,465,0,1,0,0,1,0,0,0,0,0,0,0,0,0
3486011,465,0,1,0,0,1,0,0,0,0,0,0,0,0,0
3492593,466,0,1,0,0,1,0,0,0,0,0,0,0,0,0
3491262,466,0,1,0,0,1,0,0,0,0,0,0,0,0,0
3490760,466,0,1,0,0,0,1,0,0,0,0,0,0,0,0
3495357,467,0,1,0,0,1,0,0,0,0,0,0,0,0,0
3495691,467,0,1,0,0,1,0,0,0,0,0,0,0,0,0
3501816,467,0,1,0,0,1,0,0,0,0,0,0,0,0,0
3502067,467,0,1,0,0,1,0,0,0,0,0,0,0,0,0
3502592,468,0,1,0,0,1,0,0,0,0,0,0,0,0,0
3503382,468,0,1,0,0,1,0,0,0,0,0,0,0,0,0
3508255,468,0,1,0,0,1,0,0,0,0,0,0,0,0,0
3504650,468,0,1,0,0,1,0,0,0,0,0,0,0,0,0
3504847,468,0,1,0,0,1,0,0,0,0,0,0,0,0,0
3505092,468,0,1,0,0,1,0,0,0,0,0,0,0,0,0
3506500,468,0,1,0,0,0,1,0,0,0,0,0,0,0,0
3506020,468,0,1,0,0,0,1,0,0,0,0,0,0,0,0
3507258,468,0,1,0,0,0,1,0,0,0,0,0,0,0,0
3509053,468,0,1,0,0,1,0,0,0,0,0,0,0,0,0
3509221,468,0,1,0,0,1,0,0,0,0,0,0,0,0,0
3509504,468,0,1,0,0,1,0,0,0,0,0,0,0,0,0
3509831,468,0,1,0,0,1,0,0,0,0,0,0,0,0,0
3512570,469,0,1,0,0,1,0,0,0,0,0,0,0,0,0
3513604,469,0,1,0,0,1,0,0,0,0,0,0,0,0,0
3513968,469,0,1,0,0,1,0,0,0,0,0,0,0,0,0
3514326,469,0,1,0,0,1,0,0,0,0,0,0,0,0,0
3529218,471,0,1,0,0,1,0,0,0,0,0,0,0,0,0
3529711,471,0,1,0,0,1,0,0,0,0,0,0,0,0,0
3530045,471,0,1,0,0,1,0,0,0,0,0,0,0,0,0
3531395,471,0,1,0,0,1,0,0,0,0,0,0,0,0,0
3531503,471,0,1,0,0,1,0,0,0,0,0,0,0,0,0
3532335,471,0,1,0,0,1,0,0,0,0,0,0,0,0,0
3532685,472,0,1,0,0,1,0,0,0,0,0,0,0,0,0
3534372,472,0,1,0,0,1,0,0,0,0,0,0,0,0,0
3534801,472,0,1,0,0,1,0,0,0,0,0,0,0,0,0
3534478,472,0,1,0,0,1,0,0,0,0,0,0,0,0,0
3539514,472,0,1,0,0,1,0,0,0,0,0,0,0,0,0
3539669,472,0,1,0,0,1,0,0,0,0,0,0,0,0,0
3539892,472,0,1,0,0,1,0,0,0,0,0,0,0,0,0
3547119,473,0,1,0,0,0,0,0,0,0,0,1,0,0,0
3550909,474,0,1,0,0,0,0,1,0,0,0,0,0,0,0
3560506,475,0,1,0,0,1,0,0,0,0,0,0,0,0,0
3555061,475,0,1,0,0,0,1,0,0,0,0,0,0,0,0
3561681,475,0,1,0,0,0,1,0,0,0,0,0,0,0,0
3558990,475,0,1,0,0,0,1,0,0,0,0,0,0,0,0
3562975,476,0,1,0,0,1,0,0,0,0,0,0,0,0,0
3562649,476,0,1,0,0,1,0,0,0,0,0,0,0,0,0
3563650,476,0,1,0,0,1,0,0,0,0,0,0,0,0,0
3564478,476,0,1,0,0,1,0,0,0,0,0,0,0,0,0
3565303,476,0,1,0,0,0,1,0,0,0,0,0,0,0,0
3567700,476,0,1,0,0,1,0,0,0,0,0,0,0,0,0
3566676,476,0,1,0,0,1,0,0,0,0,0,0,0,0,0
3569098,476,0,1,0,0,1,0,0,0,0,0,0,0,0,0
3571704,477,0,1,0,0,1,0,0,0,0,0,0,0,0,0
3573641,477,0,1,0,0,1,0,0,0,0,0,0,0,0,0
3575111,477,0,1,0,0,1,0,0,0,0,0,0,0,0,0
3575331,477,0,1,0,0,1,0,0,0,0,0,0,0,0,0
3575668,477,0,1,0,0,1,0,0,0,0,0,0,0,0,0
3576742,477,0,1,0,0,1,0,0,0,0,0,0,0,0,0
3582977,478,0,1,0,0,1,0,0,0,0,0,0,0,0,0
3583222,478,0,1,0,0,1,0,0,0,0,0,0,0,0,0
3583430,478,0,1,0,0,1,0,0,0,0,0,0,0,0,0
3583680,478,0,1,0,0,1,0,0,0,0,0,0,0,0,0
3584049,478,0,1,0,0,1,0,0,0,0,0,0,0,0,0
3584425,478,0,1,0,0,1,0,0,0,0,0,0,0,0,0
3584736,478,0,1,0,0,0,1,0,0,0,0,0,0,0,0
3585200,479,0,1,0,0,0,1,0,0,0,0,0,0,0,0
3587649,479,0,1,0,0,1,0,0,0,0,0,0,0,0,0
3588534,479,0,1,0,0,1,0,0,0,0,0,0,0,0,0
3589056,479,0,1,0,0,1,0,0,0,0,0,0,0,0,0
3589374,479,0,1,0,0,1,0,0,0,0,0,0,0,0,0
3589659,479,0,1,0,0,1,0,0,0,0,0,0,0,0,0
3593114,480,0,1,0,0,1,0,0,0,0,0,0,0,0,0
3595297,480,0,1,0,0,0,0,0,0,0,0,1,0,0,0
3604952,481,0,1,0,0,0,0,1,0,0,0,0,0,0,0
3614489,482,0,1,0,0,0,0,0,0,1,0,0,0,0,0
3739358,499,1,0,0,0,0,0,0,0,0,0,0,0,0,0
3754227,501,1,0,0,0,0,0,0,0,0,0,0,0,0,0
3764236,502,1,0,0,0,0,0,0,0,0,0,0,0,0,0
3768631,503,1,0,0,0,0,0,0,0,0,0,0,0,0,0
3797770,507,0,1,1,0,0,0,0,0,0,0,0,0,0,0
3797215,507,1,0,0,0,0,0,0,0,0,0,0,0,0,0
3796198,507,1,0,0,0,0,0,0,0,0,0,0,0,0,0
3805626,508,1,0,0,0,0,0,0,0,0,0,0,0,0,0
3806975,508,1,0,0,0,0,0,0,0,0,0,0,0,0,0
3812412,509,0,1,0,1,0,0,0,0,0,0,0,0,0,0
3816713,509,0,1,0,1,0,0,0,0,0,0,0,0,0,0
3817467,509,0,1,0,0,0,0,0,0,0,0,1,0,0,0
3821442,510,0,1,0,0,0,0,1,0,0,0,0,0,0,0
3681898,491,0,1,0,0,0,0,0,0,0,0,1,0,0,0
3687224,492,0,1,0,0,0,0,1,0,0,0,0,0,0,0
3761099,502,1,0,0,0,0,0,0,0,0,0,0,0,0,0
3777632,504,0,1,0,1,0,0,0,0,0,0,0,0,0,0
3777890,504,1,0,0,0,0,0,0,0,0,0,0,0,0,0
3790528,506,1,0,0,0,0,0,0,0,0,0,0,0,0,0
3794747,506,1,0,0,0,0,0,0,0,0,0,0,0,0,0
3836709,512,0,1,0,0,0,0,0,0,0,0,1,0,0,0
3841330,513,0,1,0,0,0,0,1,0,0,0,0,0,0,0
3850467,514,0,1,0,1,0,0,0,0,0,0,0,0,0,0
3850623,514,1,0,0,0,0,0,0,0,0,0,0,0,0,0
3859494,515,1,0,0,0,0,0,0,0,0,0,0,0,0,0
3858231,515,1,0,0,0,0,0,0,0,0,0,0,0,0,0
3860386,515,1,0,0,0,0,0,0,0,0,0,0,0,0,0
3865038,516,1,0,0,0,0,0,0,0,0,0,0,0,0,0
3868221,516,1,0,0,0,0,0,0,0,0,0,0,0,0,0
3870605,517,0,1,1,0,0,0,0,0,0,0,0,0,0,0
3870938,517,0,1,0,0,0,0,0,0,1,0,0,0,0,0
4024111,537,1,0,0,0,0,0,0,0,0,0,0,0,0,0
4021929,537,0,1,0,1,0,0,0,0,0,0,0,0,0,0
4030134,538,1,0,0,0,0,0,0,0,0,0,0,0,0,0
4031083,538,1,0,0,0,0,0,0,0,0,0,0,0,0,0
4032957,538,1,0,0,0,0,0,0,0,0,0,0,0,0,0
4861851,649,0,1,0,0,0,0,0,0,1,0,0,0,0,0
4861151,649,0,1,0,0,1,0,0,0,0,0,0,0,0,0
3912598,522,0,1,0,0,0,0,1,0,0,0,0,0,0,0
3946407,527,0,1,0,0,0,0,0,0,1,0,0,0,0,0
3971683,530,0,1,0,0,0,0,1,0,0,0,0,0,0,0
4033884,538,0,1,0,0,0,0,0,0,1,0,0,0,0,0
4042210,539,0,1,0,0,0,0,1,0,0,0,0,0,0,0
4060811,542,1,0,0,0,0,0,0,0,0,0,0,0,0,0
4068209,543,1,0,0,0,0,0,0,0,0,0,0,0,0,0
4079718,544,1,0,0,0,0,0,0,0,0,0,0,0,0,0
4076750,544,1,0,0,0,0,0,0,0,0,0,0,0,0,0
4083450,545,0,1,0,1,0,0,0,0,0,0,0,0,0,0
4081055,545,1,0,0,0,0,0,0,0,0,0,0,0,0,0
4086264,545,0,1,1,0,0,0,0,0,0,0,0,0,0,0
4100699,547,1,0,0,0,0,0,0,0,0,0,0,0,0,0
4102063,547,1,0,0,0,0,0,0,0,0,0,0,0,0,0
4104052,548,1,0,0,0,0,0,0,0,0,0,0,0,0,0
4105634,548,1,0,0,0,0,0,0,0,0,0,0,0,0,0
4107187,548,1,0,0,0,0,0,0,0,0,0,0,0,0,0
4108396,548,1,0,0,0,0,0,0,0,0,0,0,0,0,0
4110947,549,1,0,0,0,0,0,0,0,0,0,0,0,0,0
4135197,552,0,1,0,1,0,0,0,0,0,0,0,0,0,0
4145581,553,1,0,0,0,0,0,0,0,0,0,0,0,0,0
4141755,553,1,0,0,0,0,0,0,0,0,0,0,0,0,0
4144325,553,1,0,0,0,0,0,0,0,0,0,0,0,0,0
4152713,554,1,0,0,0,0,0,0,0,0,0,0,0,0,0
4159023,555,0,1,1,0,0,0,0,0,0,0,0,0,0,0
4159147,555,1,0,0,0,0,0,0,0,0,0,0,0,0,0
4169595,556,1,0,0,0,0,0,0,0,0,0,0,0,0,0
4167888,556,1,0,0,0,0,0,0,0,0,0,0,0,0,0
4173076,557,1,0,0,0,0,0,0,0,0,0,0,0,0,0
4171493,557,1,0,0,0,0,0,0,0,0,0,0,0,0,0
4176359,557,1,0,0,0,0,0,0,0,0,0,0,0,0,0
4180052,558,1,0,0,0,0,0,0,0,0,0,0,0,0,0
4178305,558,1,0,0,0,0,0,0,0,0,0,0,0,0,0
4184909,558,1,0,0,0,0,0,0,0,0,0,0,0,0,0
4185065,559,1,0,0,0,0,0,0,0,0,0,0,0,0,0
4186752,559,1,0,0,0,0,0,0,0,0,0,0,0,0,0
4189066,559,1,0,0,0,0,0,0,0,0,0,0,0,0,0
4198838,560,1,0,0,0,0,0,0,0,0,0,0,0,0,0
4195906,560,1,0,0,0,0,0,0,0,0,0,0,0,0,0
4196324,560,0,1,1,0,0,0,0,0,0,0,0,0,0,0
4193162,560,1,0,0,0,0,0,0,0,0,0,0,0,0,0
4207567,562,1,0,0,0,0,0,0,0,0,0,0,0,0,0
4208679,562,1,0,0,0,0,0,0,0,0,0,0,0,0,0
4210113,562,1,0,0,0,0,0,0,0,0,0,0,0,0,0
4212924,562,1,0,0,0,0,0,0,0,0,0,0,0,0,0
4221440,563,1,0,0,0,0,0,0,0,0,0,0,0,0,0
4219083,563,1,0,0,0,0,0,0,0,0,0,0,0,0,0
4216770,563,1,0,0,0,0,0,0,0,0,0,0,0,0,0
4215640,563,1,0,0,0,0,0,0,0,0,0,0,0,0,0
4229346,564,1,0,0,0,0,0,0,0,0,0,0,0,0,0
4227049,564,0,1,0,1,0,0,0,0,0,0,0,0,0,0
4227198,564,1,0,0,0,0,0,0,0,0,0,0,0,0,0
4222470,563,0,1,1,0,0,0,0,0,0,0,0,0,0,0
4222788,564,1,0,0,0,0,0,0,0,0,0,0,0,0,0
4234339,565,1,0,0,0,0,0,0,0,0,0,0,0,0,0
4236899,565,1,0,0,0,0,0,0,0,0,0,0,0,0,0
4241278,566,0,1,1,0,0,0,0,0,0,0,0,0,0,0
4239108,566,1,0,0,0,0,0,0,0,0,0,0,0,0,0
4250094,567,0,1,1,0,0,0,0,0,0,0,0,0,0,0
4249761,567,0,1,1,0,0,0,0,0,0,0,0,0,0,0
4258170,568,1,0,0,0,0,0,0,0,0,0,0,0,0,0
4258993,568,1,0,0,0,0,0,0,0,0,0,0,0,0,0
4254018,568,1,0,0,0,0,0,0,0,0,0,0,0,0,0
4260040,569,1,0,0,0,0,0,0,0,0,0,0,0,0,0
4265882,569,1,0,0,0,0,0,0,0,0,0,0,0,0,0
4265094,569,1,0,0,0,0,0,0,0,0,0,0,0,0,0
4268342,570,1,0,0,0,0,0,0,0,0,0,0,0,0,0
4267582,570,0,1,0,1,0,0,0,0,0,0,0,0,0,0
4284063,572,0,1,1,0,0,0,0,0,0,0,0,0,0,0
4302635,574,1,0,0,0,0,0,0,0,0,0,0,0,0,0
4303298,574,1,0,0,0,0,0,0,0,0,0,0,0,0,0
4304213,574,1,0,0,0,0,0,0,0,0,0,0,0,0,0
4308982,575,1,0,0,0,0,0,0,0,0,0,0,0,0,0
4306973,575,1,0,0,0,0,0,0,0,0,0,0,0,0,0
4317983,576,1,0,0,0,0,0,0,0,0,0,0,0,0,0
4313881,576,1,0,0,0,0,0,0,0,0,0,0,0,0,0
4319178,576,1,0,0,0,0,0,0,0,0,0,0,0,0,0
4316697,576,1,0,0,0,0,0,0,0,0,0,0,0,0,0
4326582,577,1,0,0,0,0,0,0,0,0,0,0,0,0,0
4324932,577,1,0,0,0,0,0,0,0,0,0,0,0,0,0
4334314,578,1,0,0,0,0,0,0,0,0,0,0,0,0,0
4338556,579,1,0,0,0,0,0,0,0,0,0,0,0,0,0
4340255,579,1,0,0,0,0,0,0,0,0,0,0,0,0,0
4348042,580,1,0,0,0,0,0,0,0,0,0,0,0,0,0
4346729,580,1,0,0,0,0,0,0,0,0,0,0,0,0,0
4356481,581,1,0,0,0,0,0,0,0,0,0,0,0,0,0
4362506,582,1,0,0,0,0,0,0,0,0,0,0,0,0,0
4367376,583,1,0,0,0,0,0,0,0,0,0,0,0,0,0
4368262,583,1,0,0,0,0,0,0,0,0,0,0,0,0,0
4373117,584,1,0,0,0,0,0,0,0,0,0,0,0,0,0
4376999,584,1,0,0,0,0,0,0,0,0,0,0,0,0,0
4387175,585,1,0,0,0,0,0,0,0,0,0,0,0,0,0
4395847,587,1,0,0,0,0,0,0,0,0,0,0,0,0,0
4400475,587,1,0,0,0,0,0,0,0,0,0,0,0,0,0
4398313,587,0,1,0,1,0,0,0,0,0,0,0,0,0,0
4401619,587,1,0,0,0,0,0,0,0,0,0,0,0,0,0
4416803,589,1,0,0,0,0,0,0,0,0,0,0,0,0,0
4415835,589,1,0,0,0,0,0,0,0,0,0,0,0,0,0
4411100,589,1,0,0,0,0,0,0,0,0,0,0,0,0,0
4419251,590,0,1,1,0,0,0,0,0,0,0,0,0,0,0
4418159,590,1,0,0,0,0,0,0,0,0,0,0,0,0,0
4431436,591,1,0,0,0,0,0,0,0,0,0,0,0,0,0
4427745,591,1,0,0,0,0,0,0,0,0,0,0,0,0,0
4438550,592,1,0,0,0,0,0,0,0,0,0,0,0,0,0
4434749,592,1,0,0,0,0,0,0,0,0,0,0,0,0,0
4439580,592,1,0,0,0,0,0,0,0,0,0,0,0,0,0
4433805,592,1,0,0,0,0,0,0,0,0,0,0,0,0,0
4444700,593,1,0,0,0,0,0,0,0,0,0,0,0,0,0
4442518,593,1,0,0,0,0,0,0,0,0,0,0,0,0,0
4447597,594,0,1,1,0,0,0,0,0,0,0,0,0,0,0
4461375,595,1,0,0,0,0,0,0,0,0,0,0,0,0,0
4458273,595,1,0,0,0,0,0,0,0,0,0,0,0,0,0
4455898,595,0,1,0,1,0,0,0,0,0,0,0,0,0,0
4463270,596,1,0,0,0,0,0,0,0,0,0,0,0,0,0
4469344,596,1,0,0,0,0,0,0,0,0,0,0,0,0,0
4465793,596,1,0,0,0,0,0,0,0,0,0,0,0,0,0
4474653,597,0,1,1,0,0,0,0,0,0,0,0,0,0,0
4483778,598,0,1,1,0,0,0,0,0,0,0,0,0,0,0
4490566,599,0,1,1,0,0,0,0,0,0,0,0,0,0,0
4487142,599,0,1,1,0,0,0,0,0,0,0,0,0,0,0
4490870,599,1,0,0,0,0,0,0,0,0,0,0,0,0,0
4490023,599,1,0,0,0,0,0,0,0,0,0,0,0,0,0
4499597,600,1,0,0,0,0,0,0,0,0,0,0,0,0,0
4498206,600,1,0,0,0,0,0,0,0,0,0,0,0,0,0
4503868,601,0,1,1,0,0,0,0,0,0,0,0,0,0,0
4501873,601,1,0,0,0,0,0,0,0,0,0,0,0,0,0
4516886,603,1,0,0,0,0,0,0,0,0,0,0,0,0,0
4524718,604,0,1,1,0,0,0,0,0,0,0,0,0,0,0
4529114,604,1,0,0,0,0,0,0,0,0,0,0,0,0,0
4530189,605,0,1,1,0,0,0,0,0,0,0,0,0,0,0
4542556,606,1,0,0,0,0,0,0,0,0,0,0,0,0,0
4566057,609,0,1,1,0,0,0,0,0,0,0,0,0,0,0
4566304,609,1,0,0,0,0,0,0,0,0,0,0,0,0,0
4580674,611,0,1,1,0,0,0,0,0,0,0,0,0,0,0
4580941,611,1,0,0,0,0,0,0,0,0,0,0,0,0,0
4596779,613,0,1,1,0,0,0,0,0,0,0,0,0,0,0
4586919,612,0,1,0,1,0,0,0,0,0,0,0,0,0,0
4584138,612,0,1,1,0,0,0,0,0,0,0,0,0,0,0
4582951,612,0,1,1,0,0,0,0,0,0,0,0,0,0,0
4597077,613,1,0,0,0,0,0,0,0,0,0,0,0,0,0
4603060,614,1,0,0,0,0,0,0,0,0,0,0,0,0,0
4604314,614,1,0,0,0,0,0,0,0,0,0,0,0,0,0
4606454,615,1,0,0,0,0,0,0,0,0,0,0,0,0,0
4605304,615,0,1,1,0,0,0,0,0,0,0,0,0,0,0
4607412,615,1,0,0,0,0,0,0,0,0,0,0,0,0,0
4608543,615,1,0,0,0,0,0,0,0,0,0,0,0,0,0
4610763,615,1,0,0,0,0,0,0,0,0,0,0,0,0,0
4610910,615,1,0,0,0,0,0,0,0,0,0,0,0,0,0
4609719,615,1,0,0,0,0,0,0,0,0,0,0,0,0,0
4618930,616,1,0,0,0,0,0,0,0,0,0,0,0,0,0
4621504,617,1,0,0,0,0,0,0,0,0,0,0,0,0,0
4620262,617,1,0,0,0,0,0,0,0,0,0,0,0,0,0
4627028,617,0,1,0,1,0,0,0,0,0,0,0,0,0,0
4627453,617,1,0,0,0,0,0,0,0,0,0,0,0,0,0
4634164,618,1,0,0,0,0,0,0,0,0,0,0,0,0,0
4628319,618,0,1,1,0,0,0,0,0,0,0,0,0,0,0
4629891,618,0,1,1,0,0,0,0,0,0,0,0,0,0,0
4630051,618,1,0,0,0,0,0,0,0,0,0,0,0,0,0
4630256,618,0,1,1,0,0,0,0,0,0,0,0,0,0,0
4642310,619,1,0,0,0,0,0,0,0,0,0,0,0,0,0
4640097,619,1,0,0,0,0,0,0,0,0,0,0,0,0,0
4637012,619,1,0,0,0,0,0,0,0,0,0,0,0,0,0
4635537,619,0,1,1,0,0,0,0,0,0,0,0,0,0,0
4644390,620,1,0,0,0,0,0,0,0,0,0,0,0,0,0
4645933,620,1,0,0,0,0,0,0,0,0,0,0,0,0,0
4646856,620,1,0,0,0,0,0,0,0,0,0,0,0,0,0
4646676,620,0,1,1,0,0,0,0,0,0,0,0,0,0,0
4652382,621,1,0,0,0,0,0,0,0,0,0,0,0,0,0
4656586,621,1,0,0,0,0,0,0,0,0,0,0,0,0,0
4655061,621,1,0,0,0,0,0,0,0,0,0,0,0,0,0
4657698,622,1,0,0,0,0,0,0,0,0,0,0,0,0,0
4660658,622,0,1,1,0,0,0,0,0,0,0,0,0,0,0
4663479,622,0,1,1,0,0,0,0,0,0,0,0,0,0,0
4670702,623,0,1,1,0,0,0,0,0,0,0,0,0,0,0
4661240,622,0,1,0,1,0,0,0,0,0,0,0,0,0,0
4678434,624,0,1,1,0,0,0,0,0,0,0,0,0,0,0
4679847,624,1,0,0,0,0,0,0,0,0,0,0,0,0,0
4680173,625,0,1,0,1,0,0,0,0,0,0,0,0,0,0
4691635,626,1,0,0,0,0,0,0,0,0,0,0,0,0,0
4688000,626,0,1,1,0,0,0,0,0,0,0,0,0,0,0
4700433,627,1,0,0,0,0,0,0,0,0,0,0,0,0,0
4701875,627,0,1,1,0,0,0,0,0,0,0,0,0,0,0
4701104,627,1,0,0,0,0,0,0,0,0,0,0,0,0,0
4701968,627,1,0,0,0,0,0,0,0,0,0,0,0,0,0
4709619,628,1,0,0,0,0,0,0,0,0,0,0,0,0,0
4703666,628,1,0,0,0,0,0,0,0,0,0,0,0,0,0
4708334,628,0,1,0,1,0,0,0,0,0,0,0,0,0,0
4711131,629,1,0,0,0,0,0,0,0,0,0,0,0,0,0
4712218,629,0,1,1,0,0,0,0,0,0,0,0,0,0,0
4714243,629,0,1,1,0,0,0,0,0,0,0,0,0,0,0
4726089,631,1,0,0,0,0,0,0,0,0,0,0,0,0,0
4730487,631,1,0,0,0,0,0,0,0,0,0,0,0,0,0
4742852,633,1,0,0,0,0,0,0,0,0,0,0,0,0,0
4745352,633,0,1,1,0,0,0,0,0,0,0,0,0,0,0
4759136,635,0,1,0,0,1,0,0,0,0,0,0,0,0,0
4765472,636,0,1,0,0,1,0,0,0,0,0,0,0,0,0
4765905,636,0,1,0,0,1,0,0,0,0,0,0,0,0,0
4766387,636,0,1,0,0,1,0,0,0,0,0,0,0,0,0
4771982,637,0,1,0,0,1,0,0,0,0,0,0,0,0,0
4771750,637,0,1,0,0,1,0,0,0,0,0,0,0,0,0
4772278,637,0,1,0,0,1,0,0,0,0,0,0,0,0,0
4772617,637,0,1,0,0,1,0,0,0,0,0,0,0,0,0
4773275,637,0,1,0,0,1,0,0,0,0,0,0,0,0,0
4774043,637,0,1,0,0,1,0,0,0,0,0,0,0,0,0
4774343,637,0,1,0,0,1,0,0,0,0,0,0,0,0,0
4775008,637,0,1,0,0,1,0,0,0,0,0,0,0,0,0
4775405,637,0,1,0,0,1,0,0,0,0,0,0,0,0,0
4775776,637,0,1,0,0,1,0,0,0,0,0,0,0,0,0
4776558,637,0,1,0,0,1,0,0,0,0,0,0,0,0,0
4776133,637,0,1,0,0,1,0,0,0,0,0,0,0,0,0
4776299,637,0,1,0,0,1,0,0,0,0,0,0,0,0,0
4777890,638,0,1,0,0,1,0,0,0,0,0,0,0,0,0
4778149,638,0,1,0,0,1,0,0,0,0,0,0,0,0,0
4779060,638,0,1,0,0,1,0,0,0,0,0,0,0,0,0
4779361,638,0,1,0,0,1,0,0,0,0,0,0,0,0,0
4781630,638,0,1,0,0,1,0,0,0,0,0,0,0,0,0
4782152,638,0,1,0,0,1,0,0,0,0,0,0,0,0,0
4783244,638,0,1,0,0,1,0,0,0,0,0,0,0,0,0
4783368,638,0,1,0,0,1,0,0,0,0,0,0,0,0,0
4787656,639,0,1,0,0,1,0,0,0,0,0,0,0,0,0
4788044,639,0,1,0,0,1,0,0,0,0,0,0,0,0,0
4788673,639,0,1,0,0,1,0,0,0,0,0,0,0,0,0
4789722,639,0,1,0,0,0,1,0,0,0,0,0,0,0,0
4786608,639,0,1,0,0,0,1,0,0,0,0,0,0,0,0
4817126,643,0,1,0,0,0,1,0,0,0,0,0,0,0,0
4824049,644,0,1,0,0,1,0,0,0,0,0,0,0,0,0
4823656,644,0,1,0,0,1,0,0,0,0,0,0,0,0,0
4828514,644,0,1,0,0,1,0,0,0,0,0,0,0,0,0
4830090,645,0,1,0,0,1,0,0,0,0,0,0,0,0,0
4830608,645,0,1,0,0,1,0,0,0,0,0,0,0,0,0
4831937,645,0,1,0,0,0,1,0,0,0,0,0,0,0,0
4838007,646,0,1,0,0,1,0,0,0,0,0,0,0,0,0
4838792,646,0,1,0,0,0,1,0,0,0,0,0,0,0,0
4839804,646,0,1,0,0,1,0,0,0,0,0,0,0,0,0
4839290,646,0,1,0,0,1,0,0,0,0,0,0,0,0,0
4840240,646,0,1,0,0,1,0,0,0,0,0,0,0,0,0
4840560,646,0,1,0,0,1,0,0,0,0,0,0,0,0,0
4849361,647,0,1,0,0,1,0,0,0,0,0,0,0,0,0
4845141,647,0,1,0,0,1,0,0,0,0,0,0,0,0,0
4847624,647,0,1,0,0,1,0,0,0,0,0,0,0,0,0
4851227,647,0,1,0,0,1,0,0,0,0,0,0,0,0,0
4854719,648,0,1,0,0,1,0,0,0,0,0,0,0,0,0
4852541,648,0,1,0,0,1,0,0,0,0,0,0,0,0,0
4855341,648,0,1,0,0,1,0,0,0,0,0,0,0,0,0
4857035,648,0,1,0,0,1,0,0,0,0,0,0,0,0,0
4857498,648,0,1,0,0,0,1,0,0,0,0,0,0,0,0
4857967,648,0,1,0,0,1,0,0,0,0,0,0,0,0,0
4858306,648,0,1,0,0,1,0,0,0,0,0,0,0,0,0
4858485,648,0,1,0,0,1,0,0,0,0,0,0,0,0,0
4859080,648,0,1,0,0,1,0,0,0,0,0,0,0,0,0
4859551,648,0,1,0,0,1,0,0,0,0,0,0,0,0,0
1847827,247,0,1,0,0,1,0,0,0,0,0,0,0,0,0
1848936,247,0,1,0,0,1,0,0,0,0,0,0,0,0,0
1987029,265,0,1,0,0,1,0,0,0,0,0,0,0,0,0
2079618,278,0,1,0,0,0,0,0,0,1,0,0,0,0,0
2092742,280,0,1,0,0,0,0,1,0,0,0,0,0,0,0
3142266,419,0,1,0,0,0,0,1,0,0,0,0,0,0,0
3146832,420,0,1,1,0,0,0,0,0,0,0,0,0,0,0
3148536,420,1,0,0,0,0,0,0,0,0,0,0,0,0,0
3149716,420,0,1,1,0,0,0,0,0,0,0,0,0,0,0
